id,model_number,type,description,aesthetic,dimensions,finish,supplied_accessories,optional_accessories,safety,power,warranty,status,created_at,updated_at,slug,notes,ean,cover_image,price,cavity,capacity,cleaning,lighting,auto_menus,door_glass,thermostat,installation,function_list,quote_display,cooking_levels,device_display,interior_finish,programmability,total_functions,features
468,ALFA140UK,Oven,Professional Convection Oven,"",700mmW x 715mmD x 562mmD,"
Stainless steel with double glazed cool door","","","","230V 50Hz,3000W ,13A connection","","",02/10/2018,02/11/2018,alfa140uk,"","",/development/uploads/oven/cover_image/468/cover_image_ce68eeba-444e-4a52-bc88-fa5bcd72d4cc.jpg,0.0,"","","","","","",50 - 250ºC,Freestanding,"","",4,Text on display,"","","",""
672,test001,Oven,,,,"","","","",,,,05/10/2018,05/10/2018,test001,,,"",0.0,,"",,,,,,,"",,,,,"","",""
469,DOA330X1,Oven,76cm Classic pyrolytic double oven,classic,1300mmH x 632mmD x 754mmW,"Fingerprint proof stainless steel 
Eclipse high visibility black glass","each oven -
3 x chromed-wire shelves 
1 x enamel grill tray with insert
1 x meat probe
1 x Total telescopic guides","PRTX - Pizza Stone
PALPZ - Single-handle pizza paddle
38508/510 - Baking Dish","thermal protection system
child safety lock","220-240V, 50/60Hz,7550W,31.5A current",Two years parts and labour,Active,02/10/2018,02/10/2018,doa330x1,"","","",0.0,"",130L (each oven),Pyrolytic cleaning function,3 x 25W halogen (each oven),"","",25 - 250ºC,Built-in,"pyrolytic_cleaning
defrost_proofing_dehydrate_warming
grill
convection
fan_forced
fan_grill
fan_assisted
bakers_function","",6 (each oven),LED,"",Fully programmable,"6 incl. proofing
 defrost
 dehydrate
 warming
 Sabbath mode","pyrolytic cleaning
large capacity
twin fan - even cooking
meat probe"
470,SFA106B,Oven,60cm Linear Thermoseal Oven - White,,597mmW x 592mmH x 570mmD,Stainless steel White Stopsol® reflective glass,"1 x 20mm enamelled baking tray
1 x 40mm enamelled baking tray
1 x chrome grill insert
2 x chrome shelves","PRTX - Pizza Stone
PPR2 - Gourmet Cooking Stone
PALPZ - Single-handle pizza paddle
38508/510 - Baking Dish
GT1P-2 - Partial telescopic guides
GT1T-2 Total telescopic guides","Thermal protection system
 child safety lock
 controls lock","220-240V, 50/60Hz,3000W,15A Connection",Two years parts and labour,"",02/10/2018,02/10/2018,sfa106b,"","","",0.0,"",79L,"Smeg Vapour Clean, Ever-Clean enamelling",1 x 40W halogen,"","",30 - 280ºC,Built-in,"","",5,Compact LCD,"",Fully programmable,12,"ever clean enamel
thermoseal technology
vapour clean
minimalist design"
471,SFA106N,Oven,60cm Linear Thermoseal Oven - Black,,597mmW x 592mmH x 570mmD,Stainless steel black Stopsol® reflective glass,"1 x 20mm enamelled baking tray
1 x 40mm enamelled baking tray
1 x chrome grill insert
2 x chrome shelves","PRTX - Pizza Stone
PPR2 - Gourmet Cooking Stone
PALPZ - Single-handle pizza paddle
38508/510 - Baking Dish
GT1P-2 - Partial telescopic guides
GT1T-2 Total telescopic guides","Thermal protection system
 child safety lock
 controls lock","220-240V, 50/60Hz,3000W,15A Connection",Two years parts and labour,"",02/10/2018,02/10/2018,sfa106n,"","","",0.0,"",79L,"Smeg Vapour Clean, Ever-Clean enamelling",1 x 40W halogen,"","",30 - 280ºC,Built-in,"","",5,Compact LCD,"",Fully programmable,12,"ever clean enamel
thermoseal technology
vapour clean
minimalist design"
472,SFA106S,Oven,60cm Linear Thermoseal Oven - Silver,,597mmW x 592mmH x 570mmD,Stainless steel Stopsol® reflective glass,"1 x 20mm enamelled baking tray
1 x 40mm enamelled baking tray
1 x chrome grill insert
2 x chrome shelves","PRTX - Pizza Stone
PPR2 - Gourmet Cooking Stone
PALPZ - Single-handle pizza paddle
38508/510 - Baking Dish
GT1P-2 - Partial telescopic guides
GT1T-2 Total telescopic guides","Thermal protection system
 child safety lock
 controls lock","220-240V, 50/60Hz,3000W,15A Connection",Two years parts and labour,"",02/10/2018,02/10/2018,sfa106s,"","","",0.0,"",79L,"Smeg Vapour Clean, Ever-Clean enamelling",1 x 40W halogen,"","",30 - 280ºC,Built-in,"","",5,Compact LCD,"",Fully programmable,12,"ever clean enamel
thermoseal technology
vapour clean
minimalist design"
473,SFA561X,Oven,60cm Classic Thermoseal Oven,,597mmW x 570mmD x 592mmH,"Fingerprint proof stainless steel
Eclipse high visibility black glass","1 x Chrome grill insert
1 x 40mm baking tray
1 x removable roof liner
2 x chrome shelves","PRTX - Pizza stone
PPR2 - Gourmet Cooking Stone
PALPZ - Single-handle pizza paddle
38508/510 - Baking Dish
GT1P-2 - Partial telescopic guides
GT1P-2 - Total telescopic guides","Cool door technology
 thermal protection system","220-240V, 50/60Hz,3000W,15A Connection",Two years parts and labour,"",02/10/2018,02/10/2018,sfa561x,"","","",0.0,"",79L,Vapour Clean,1 x 40W halogen,"","",30 - 250ºC,"Flush, underbench or wallmount","",Automatic Countdown Timer,5,Text on panel,"",Countdown Timer,9,"ever clean enamel
thermoseal technology
vapour clean
cool door technology"
474,SFA561X2,Oven,60cm Classic Thermoseal Oven,,597mmW x 570mmD x 592mmH,"Fingerprint proof stainless steel
Eclipse high visibility black glass","1 x Chrome grill insert
1 x 40mm baking tray
2 x chrome shelves","PRTX - Pizza stone
PPR2 - Gourmet Cooking Stone
PALPZ - Single-handle pizza paddle
38508/510 - Baking Dish
GT1P-2 - Partial telescopic guides
GT1P-2 - Total telescopic guides","Cool door technology
 thermal protection system","220-240V, 50/60Hz,3000W,15A Connection",Two years parts and labour,"",02/10/2018,02/10/2018,sfa561x2,"","","",0.0,"",79L,Vapour Clean,1 x 40W halogen,"","",30 - 250ºC,"Flush, underbench or wallmount","",Automatic Countdown Timer,5,Text on panel,"",Countdown Timer,9,"ever clean enamel
thermoseal technology
vapour clean
cool door technology"
475,SFA562X,Oven,60cm Classic Thermoseal Oven,,597mmW x 570mmD  x 592mmH,"Fingerprint proof stainless steel
Eclipse high visibility black glass","1 x Chrome grill insert
1 x 40mm baking tray
1 x removable roof liner
2 x chrome shelves","PRTX - Pizza stone
PPR2 - Gourmet Cooking Stone
PALPZ - Single-handle pizza paddle
38508/510 - Baking Dish
GT1P-2 - Partial telescopic guides
GT1P-2 - Total telescopic guides","Cool door technology
 thermal protection system","220-240V, 50/60Hz,3000W,15A Connection",Two years parts and labour,"",02/10/2018,02/10/2018,sfa562x,"","","",0.0,"",79L,Vapour Clean,1 x 40W halogen,"","",30 - 250ºC,"Flush, underbench or wallmount","",Automatic Countdown Timer,5,Text on panel,"",Countdown Timer,9,"ever clean enamel
thermoseal technology
vapour clean
cool door technology"
476,SFA562X2,Oven,60cm Classic Thermoseal Oven,,597mmW x 570mmD  x 592mmH,"Fingerprint proof stainless steel
Eclipse high visibility black glass","1 x Chrome grill insert
1 x 40mm baking tray
2 x chrome shelves","PRTX - Pizza stone
PPR2 - Gourmet Cooking Stone
PALPZ - Single-handle pizza paddle
38508/510 - Baking Dish
GT1P-2 - Partial telescopic guides
GT1P-2 - Total telescopic guides","Cool door technology
 thermal protection system","220-240V, 50/60Hz,3000W,15A Connection",Two years parts and labour,"",02/10/2018,02/10/2018,sfa562x2,"","","",0.0,"",79L,Vapour Clean,1 x 40W halogen,"","",30 - 250ºC,"Flush, underbench or wallmount","",Automatic Countdown Timer,5,Text on panel,"",Countdown Timer,9,"ever clean enamel
thermoseal technology
vapour clean
cool door technology"
477,SFA578X,Oven,60cm Classic Thermoseal Oven,,597mmW x 592mmH x 570mmD,"Fingerprint proof stainless steel 
Eclipse high visibility black glass","1 x Chrome grill insert
1 x 40mm enamelled baking tray
1 x removable roof liner
2 x chrome shelves","PRTX - Pizza stone
PPR2 - Gourmet Cooking Stone
PALPZ - Single-handle pizza paddle
38508/510 - Baking Dish
GT1P-2 - Partial telescopic guides
GT1P-2 - Total telescopic guides","Cool door technology
 thermal protection system","220-240V, 50/60Hz,3000W,15A Connection",Two years parts and labour,"",02/10/2018,02/10/2018,sfa578x,"","","",0.0,"",79L,Vapour Clean,1 x 40W halogen,"","",30 - 250ºC,Built-in,"",Digital Display,5,Digital Display,"",Fully programmable,9,"ever clean enamel
thermoseal technology
vapour clean
cool door technology"
478,SFA578X2,Oven,60cm Classic Thermoseal Oven,,597mmW x 592mmH x 570mmD,"Fingerprint proof stainless steel 
Eclipse high visibility black glass","1 x Chrome grill insert
1 x 40mm enamelled baking tray
2 x chrome shelves","PRTX - Pizza stone
PPR2 - Gourmet Cooking Stone
PALPZ - Single-handle pizza paddle
38508/510 - Baking Dish
GT1P-2 - Partial telescopic guides
GT1P-2 - Total telescopic guides","Cool door technology
 thermal protection system","220-240V, 50/60Hz,3000W,15A Connection",Two years parts and labour,"",02/10/2018,02/10/2018,sfa578x2,"","","",0.0,"",79L,Vapour Clean,1 x 40W halogen,"","",30 - 250ºC,Built-in,"",Digital Display,5,Digital Display,"",Fully programmable,9,"ever clean enamel
thermoseal technology
vapour clean
cool door technology"
479,SFA579X,Oven,60cm Thermoseal Oven,,597mmW x 592mmH x 570mmD,"Fingerprint proof stainless steel 
Eclipse high visibility black glass","2 x Chrome grill insert
1 x 40mm enamelled baking tray
1 x removable roof liner
2 x chrome shelves","PRTX - Pizza stone
PPR2 - Gourmet Cooking Stone
PALPZ - Single-handle pizza paddle
38508/510 - Baking Dish
GT1P-2 - Partial telescopic guides
GT1P-2 - Total telescopic guides","Cool door technology
 thermal protection system","220-240V, 50/60Hz,3000W,15A Connection",Two years parts and labour,"",02/10/2018,02/10/2018,sfa579x,"","","",0.0,"",79L,Vapour Clean,1 x 40W halogen,"","",30 - 250ºC,Built-in,"",Digital Display,5,Digital Display,"",Fully programmable,9,"ever clean enamel
thermoseal technology
vapour clean
cool door technology"
480,SFA579X2,Oven,60cm Thermoseal Oven,,597mmW x 592mmH x 570mmD,"Fingerprint proof stainless steel 
Eclipse high visibility black glass","2 x Chrome grill insert
1 x 40mm enamelled baking tray
2 x chrome shelves","PRTX - Pizza stone
PPR2 - Gourmet Cooking Stone
PALPZ - Single-handle pizza paddle
38508/510 - Baking Dish
GT1P-2 - Partial telescopic guides
GT1P-2 - Total telescopic guides","Cool door technology
 thermal protection system","220-240V, 50/60Hz,3000W,15A Connection",Two years parts and labour,"",02/10/2018,02/10/2018,sfa579x2,"","","",0.0,"",79L,Vapour Clean,1 x 40W halogen,"","",30 - 250ºC,Built-in,"",Digital Display,5,Digital Display,"",Fully programmable,9,"ever clean enamel
thermoseal technology
vapour clean
cool door technology"
493,SFA6903P,Oven,60cm Victoria Thermoseal Oven - Cream,,597mmW x 592mmH x 571mmD,Panna (Cream) enamel,"1 x Chrome shelf
1 x 40mm Enamelled baking tray","PRTX - Pizza stone
PPR2 - Gourmet Cooking Stone
PALPZ - Single-handle pizza paddle
38508/510 - Baking Dish
GT1P-2 - Partial telescopic guides
GT1P-2 - Total telescopic guides","Cool Door technology
 thermal protection system","220-240V, 50/60Hz,3000W,15A Connection",Two years parts and labour,"",02/10/2018,02/10/2018,sfa6903p,"","","",0.0,"",79L,Ever Clean enamel,1 x 40W halogen,"","",50 - 250ºC,Built-in,"","",5,Text on panel,"",Timer,6,"ever clean enamel
thermoseal technology
cool door technology
ergonomic controls
'modern vintage' design"
481,SFA6101SUN,Oven,60cm Linear Thermoseal Oven - All Black Special Edition,,597mmW x 592mmH x 570mmD,Stainless steel black Stopsol® reflective glass,"1 x chrome shelves
1 x 40mm enamelled baking tray
1 x chrome grill insert","PRTX - Pizza Stone
PPR2 - Gourmet Cooking Stone
PALPZ - Single-handle pizza paddle
38508/510 - Baking Dish
GT1P-2 - Partial telescopic guides
GT1T-2 Total telescopic guides","Thermal protection system
 child safety lock
 controls lock","220-240V, 50/60Hz,3000W,15A Connection",Two years parts and labour,"",02/10/2018,02/10/2018,sfa6101sun,"","","",0.0,"",79L,"Smeg Vapour Clean, Ever-Clean enamelling",1 x 40W halogen,"","",30 - 280ºC,Built-in,"","",5,Compact LCD,"",Fully programmable,14,"ever clean enamel
thermoseal technology
vapour clean
minimalist design"
482,SFA6101TVB,Oven,60cm Linear Thermoseal Oven - White,,597mmW x 592mmH x 570mmD,Stainless steel White Stopsol® reflective glass,"1 x chrome shelves
1 x 40mm enamelled baking tray
1 x chrome grill insert","PRTX - Pizza Stone
PPR2 - Gourmet Cooking Stone
PALPZ - Single-handle pizza paddle
38508/510 - Baking Dish
GT1P-2 - Partial telescopic guides
GT1T-2 Total telescopic guides","Thermal protection system
 child safety lock
 controls lock","220-240V, 50/60Hz,3000W,15A Connection",Two years parts and labour,"",02/10/2018,02/10/2018,sfa6101tvb,"","","",0.0,"",79L,"Smeg Vapour Clean, Ever-Clean enamelling",1 x 40W halogen,"","",30 - 280ºC,Built-in,"","",5,Compact LCD,"",Fully programmable,14,"ever clean enamel
thermoseal technology
vapour clean
minimalist design"
483,SFA6101TVN,Oven,60cm Linear Thermoseal Oven - Black,,597mmW x 592mmH x 570mmD,Stainless steel black Stopsol® reflective glass,"1 x chrome shelves
1 x 40mm enamelled baking tray
1 x chrome grill insert","PRTX - Pizza Stone
PPR2 - Gourmet Cooking Stone
PALPZ - Single-handle pizza paddle
38508/510 - Baking Dish
GT1P-2 - Partial telescopic guides
GT1T-2 Total telescopic guides","Thermal protection system
 child safety lock
 controls lock","220-240V, 50/60Hz,3000W,15A Connection",Two years parts and labour,"",02/10/2018,02/10/2018,sfa6101tvn,"","","",0.0,"",79L,"Smeg Vapour Clean, Ever-Clean enamelling",1 x 40W halogen,"","",30 - 280ºC,Built-in,"","",5,Compact LCD,"",Fully programmable,14,"ever clean enamel
thermoseal technology
vapour clean
minimalist design"
484,SFA6101TVS,Oven,60cm Linear Thermoseal Oven - Silver,,597mmW x 592mmH x 570mmD,Stainless steel Silver Stopsol® reflective glass,"1 x chrome shelves
1 x 40mm enamelled baking tray
1 x chrome grill insert","PRTX - Pizza Stone
PPR2 - Gourmet Cooking Stone
PALPZ - Single-handle pizza paddle
38508/510 - Baking Dish
GT1P-2 - Partial telescopic guides
GT1T-2 Total telescopic guides","Thermal protection system
 child safety lock
 controls lock","220-240V, 50/60Hz,3000W,15A Connection",Two years parts and labour,"",02/10/2018,02/10/2018,sfa6101tvs,"","","",0.0,"",79L,"Smeg Vapour Clean, Ever-Clean enamelling",1 x 40W halogen,"","",30 - 280ºC,Built-in,"","",5,Compact LCD,"",Fully programmable,14,"ever clean enamel
thermoseal technology
vapour clean
minimalist design"
485,SFA6300X,Oven,60cm Classic Thermoseal oven,classic,597mmW x 592mmH x 571mmD,"Fingerprint proof stainless steel 
Eclipse high visibility black glass","2 x Chrome shelves
1 x Chrome grill insert
1 x 40mm enamelled baking tray","PRTX - Pizza Stone
PPR2 - Gourmet Cooking Stone
PALPZ - Single-handle pizza paddle
38508/510 - Baking Dish
GT1P-2 - Partial telescopic guides
GT1T-2 - Total telescopic guides","Cool Door technology
 thermal protection system","220-240V, 50/60Hz,3000W,15A Connection",Two years parts and labour,Active,02/10/2018,02/10/2018,sfa6300x,"","","",0.0,"",79L,"Vapour Clean,  drop down grill",2 x 40W halogen,"","",50 - 280ºC,Built-in,"convection
fan_assisted
fan_forced
supercook
eco
grill
fan_grill
base_heat
vapour_clean","",5,Text on panel,Ever Clean enamel,Fully programmable,10 incl. Defrost and Vapour Clean,"ever clean enamel
thermoseal technology
vapour clean
cool door technology"
486,SFA6304X,Oven,60cm Classic Thermoseal oven,classic,597mmW x 592mmH x 571mmD,"Fingerprint proof stainless steel 
Eclipse high visibility black glass","1 x Chrome grill insert
2 x Chrome shelves
1 x 20mm enamelled baking tray
1 x 40mm enamelled baking tray
1 x Removable roof liner","PRTX - Pizza Stone
PPR2 - Gourmet Cooking Stone
PALPZ - Single-handle pizza paddle
38508/510 - Baking Dish
GT1P-2 - Partial telescopic guides
GT1T-2 - Total telescopic guides","Cool Door technology
 thermal protection system","220-240V, 50/60Hz,3000W,15A Connection",Two years parts and labour,Active,02/10/2018,02/10/2018,sfa6304x,"","","",0.0,"",79L,Vapour Clean,1 x 40W halogen,"","",50 - 250ºC,Built-in,"base_heat
fan_assisted
convection
fan_forced
supercook
fan_grill
grill
vapour_clean
defrost","",5,Text on panel,Ever Clean enamel,"End of cooking alarm
 minute minder",9 incl.defrost,"ever clean enamel
thermoseal technology
vapour clean
ergonomic controls"
487,SFA6304X2,Oven,60cm Classic Thermoseal oven,classic,597mmW x 592mmH x 571mmD,"Fingerprint proof stainless steel 
Eclipse high visibility black glass","1 x Chrome grill insert
2 x Chrome shelves
1 x 20mm enamelled baking tray
1 x 40mm enamelled baking tray","PRTX - Pizza Stone
PPR2 - Gourmet Cooking Stone
PALPZ - Single-handle pizza paddle
38508/510 - Baking Dish
GT1P-2 - Partial telescopic guides
GT1T-2 - Total telescopic guides","Cool Door technology
 thermal protection system","220-240V, 50/60Hz,3000W,15A Connection",Two years parts and labour,Active,02/10/2018,02/10/2018,sfa6304x2,"","","",0.0,"",79L,Vapour Clean,1 x 40W halogen,"","",50 - 250ºC,Built-in,"base_heat
fan_assisted
convection
fan_forced
supercook
fan_grill
grill
vapour_clean
defrost
defrost_by_time","",5,Text on panel,Ever Clean enamel,"End of cooking alarm
 minute minder",9 incl.defrost,"ever clean enamel
thermoseal technology
vapour clean
ergonomic controls"
488,SFA6309X,Oven,60cm Classic Thermoseal oven,classic,597mmW x 592mmH x 571mmD,"Fingerprint proof stainless steel 
Eclipse high visibility black glass","1 x Chrome grill insert
2 x Chrome shelves
1 x 20mm enamelled baking tray
1 x 40mm enamelled baking tray
1 x Partial telescopic guides
1 x Removable roof liner","PRTX - Pizza Stone
PPR2 - Gourmet Cooking Stone
PALPZ - Single-handle pizza paddle
38508/510 - Baking Dish
GT1P-2 - Partial telescopic guides
GT1T-2 - Total telescopic guides","Cool Door technology
 thermal protection system
 child safety lock
 controls lock","220-240V, 50/60Hz,3000W,15A Connection",Two years parts and labour,Active,02/10/2018,02/10/2018,sfa6309x,"","","",0.0,"",79L,Pyrolytic / ECO Pyrolytic,2 x 40W halogen,"","",30 - 280ºC,Built-in,"base_heat
bakers_function
fan_assisted
convection
fan_forced
supercook
eco
fan_grill
grill
vapour_clean
defrost_by_time
defrost_by_weight
proving
sabbath_mode","",5,Compact LCD,Ever Clean enamel,Fully programmable,"14 incl. Sabbath mode
 defrost
 proving and keep warm","ever clean enamel
easy read display
thermoseal technology
vapour clean"
489,SFA6603NR,Oven,60cm Dolce Stil Novo Thermoseal Oven,,597mmW x 592mmH x 570mmD,Eclipse High Visibility Black Glass with Copper Trim,"1 x Chrome grill insert
2 x Chrome shelves
1 x 20mm enamelled baking tray
1 x 40mm enamelled baking tray
1 x Total telescopic guides
1 x Removable roof liner","PRTX - Pizza Stone
PPR2 - Gourmet Cooking Stone
PALPZ - Single-handle pizza paddle
38508/510 - Baking Dish
GT1P-2 - Partial telescopic guides
GT1T-2 - Total telescopic guides","Cool Door technology
thermal protection system
 child safety lock
 controls lock","220-240V, 50/60Hz,3000W,15A Connection",Two years parts and labour,"",02/10/2018,02/10/2018,sfa6603nr,"","","",0.0,"",79L,Vapour Clean,2 x 40W halogen,"","",30 - 280ºC,Built-in,"","",5,TFT,"",Fully programmable,"15 + 50 SmartSense Plus auto menus
incl.  Sabbath mode
 defrost
 proving and keep warm","ever clean enamel
soft close door
smartsense plus - 50 auto menus + 10 personal menus
thermoseal technology
vapour clean"
490,SFA6603NX,Oven,60cm Dolce Stil Novo Thermoseal Oven,,597mmW x 592mmH x 570mmD,Eclipse High Visibility Black Glass with Stainless Steel Trim,"1 x Chrome grill insert
2 x Chrome shelves
1 x 20mm enamelled baking tray
1 x 40mm enamelled baking tray
1 x Total telescopic guides
1 x Removable roof liner","PRTX - Pizza Stone
PPR2 - Gourmet Cooking Stone
PALPZ - Single-handle pizza paddle
38508/510 - Baking Dish
GT1P-2 - Partial telescopic guides
GT1T-2 - Total telescopic guides","Cool Door technology
thermal protection system
 child safety lock
 controls lock","220-240V, 50/60Hz,3000W,15A Connection",Two years parts and labour,"",02/10/2018,02/10/2018,sfa6603nx,"","","",0.0,"",79L,Vapour Clean,2 x 40W halogen,"","",30 - 280ºC,Built-in,"","",5,TFT,"",Fully programmable,"15 + 50 SmartSense Plus auto menus
incl.  Sabbath mode
 defrost
 proving and keep warm","ever clean enamel
soft close door
smartsense plus - 50 auto menus + 10 personal menus
thermoseal technology
vapour clean"
491,SFA6903B,Oven,60cm Victoria Thermoseal Oven - White,,597mmW x 592mmH x 571mmD,White enamel,"1 x Chrome shelf
1 x 40mm Enamelled baking tray","PRTX - Pizza stone
PPR2 - Gourmet Cooking Stone
PALPZ - Single-handle pizza paddle
38508/510 - Baking Dish
GT1P-2 - Partial telescopic guides
GT1P-2 - Total telescopic guides","Cool Door technology
 thermal protection system","220-240V, 50/60Hz,3000W,15A Connection",Two years parts and labour,"",02/10/2018,02/10/2018,sfa6903b,"","","",0.0,"",79L,Ever Clean enamel,1 x 40W halogen,"","",50 - 250ºC,Built-in,"","",5,Text on panel,"",Timer,6,"ever clean enamel
thermoseal technology
cool door technology
ergonomic controls
'modern vintage' design"
492,SFA6903N,Oven,60cm Victoria Thermoseal Oven - Black,,597mmW x 592mmH x 571mmD,Black enamel,"1 x Chrome shelf
1 x 40mm Enamelled baking tray","PRTX - Pizza stone
PPR2 - Gourmet Cooking Stone
PALPZ - Single-handle pizza paddle
38508/510 - Baking Dish
GT1P-2 - Partial telescopic guides
GT1P-2 - Total telescopic guides","Cool Door technology
 thermal protection system","220-240V, 50/60Hz,3000W,15A Connection",Two years parts and labour,"",02/10/2018,02/10/2018,sfa6903n,"","","",0.0,"",79L,Ever Clean enamel,1 x 40W halogen,"","",50 - 250ºC,Built-in,"","",5,Text on panel,"",Timer,6,"ever clean enamel
thermoseal technology
cool door technology
ergonomic controls
'modern vintage' design"
494,SFA6903X,Oven,60cm Victoria Thermoseal Oven - Stainless Steel,,597mmW x 592mmH x 571mmD,Stainless steel,"1 x Chrome shelf
1 x 40mm Enamelled baking tray","PRTX - Pizza stone
PPR2 - Gourmet Cooking Stone
PALPZ - Single-handle pizza paddle
38508/510 - Baking Dish
GT1P-2 - Partial telescopic guides
GT1P-2 - Total telescopic guides","Cool Door technology
 thermal protection system","220-240V, 50/60Hz,3000W,15A Connection",Two years parts and labour,"",02/10/2018,02/10/2018,sfa6903x,"","","",0.0,"",79L,Ever Clean enamel,1 x 40W halogen,"","",50 - 250ºC,Built-in,"","",5,Text on panel,"",Timer,6,"ever clean enamel
thermoseal technology
cool door technology
ergonomic controls
'modern vintage' design"
495,SFA7125,Oven,70cm Linear Thermoseal oven,linear,698mmW x 597mmH x 566mmD,Fingerprint proof stainless steel Stopsol® reflective glass,"1 x Chrome grill insert
2 x Chrome shelves
3 x 20mm enamelled baking tray","PRTX - Pizza Stone
PALPZ - Single-handle pizza paddle
38508/510 - Baking Dish
GT1P-1 - Partial telescopic guides
GT1T-1 - Total telescopic guides","Cool Door technology
 thermal protection system
 child safety lock
 controls lock","220-240V, 50/60Hz,3200W,16A Connection",Two years parts and labour,Active,02/10/2018,02/10/2018,sfa7125,"","","",0.0,"",90L,Vapour Clean,2 x 25W incandescent,"","",30 - 280ºC,Built-in,"base_heat
bakers_function
fan_assisted
convection
fan_forced
supercook
eco
fan_grill
grill
vapour_clean
defrost_by_time
defrost_by_weight
proving
sabbath_mode
keep_warm","",4,Large LCD,"",Fully programmable,"15 + 20 SmartSense auto menus
incl. Sabbath mode
 defrost
 proving and keep warm","ever clean enamel
smartsense - 20 auto menus
thermoseal technology
vapour clean"
496,SFA7300X,Oven,70cm Thermoseal Oven,,698mmW x 597mmH x 566mmD,"Fingerprint proof stainless steel 
Eclipse high visibility black glass","1 x Chrome grill insert
2 x Chrome shelves
1 x 20mm enamelled baking tray","PRTX - Pizza Stone
PALPZ - Single-handle pizza paddle
38508/510 - Baking Dish","Cool door technology
 thermal protection system","220-240V, 50/60Hz,3200W,15A Connection",Two years parts and labour,"",02/10/2018,02/10/2018,sfa7300x,"","","",0.0,"",90L,Vapour Clean,2 x 25W halogen,"","",50250°C,Built-in,"",Touch Clock,4,Touch Clock,"",Fully programmable,8,"ever clean enamel
thermoseal technology
vapour clean
cool door technology"
497,SFA7390X,Oven,70cm Classic Thermoseal oven,classic,698mmW x 597mmH x 566mmD,"Fingerprint proof stainless steel 
Eclipse high visibility black glass","1 x Chrome grill insert
2 x Chrome shelves
3 x 20mm enamelled baking tray","PRTX - Pizza Stone
PALPZ - Single-handle pizza paddle
38508/510 - Baking Dish
GTA-6 - Triple telescopic rail set","Cool Door technology
 thermal protection system
 child safety lock
 controls lock","220-240V, 50/60Hz,3200W,15A Connection",Two years parts and labour,Active,02/10/2018,02/10/2018,sfa7390x,"","","",0.0,"",90L,Vapour Clean,2 x 25W incandescent,20 SmartSense menus,"",30 - 280ºC,Built-in,"base_heat
bakers_function
fan_assisted
convection
fan_forced
supercook
eco
fan_grill
grill
vapour_clean
defrost_by_time
defrost_by_weight
proving
sabbath_mode
keep_warm","",4,Large LCD,Ever Clean enamel,Fully programmable,"15 + 20 SmartSense auto menus
incl. Sabbath mode
 defrost
 proving and keep warm","ever clean enamel
smartsense - 20 auto menus
thermoseal technology
vapour clean"
498,SFA7390X2,Oven,70cm Classic Thermoseal oven,classic,698mmW x 597mmH x 566mmD,"Fingerprint proof stainless steel 
Eclipse high visibility black glass","1 x Chrome grill insert
2 x Chrome shelves
3 x 20mm enamelled baking tray","PRTX - Pizza Stone
PALPZ - Single-handle pizza paddle
38508/510 - Baking Dish
GTA-6 - Triple telescopic rail set","Cool Door technology
 thermal protection system
 child safety lock
 controls lock","220-240V, 50/60Hz,3200W,15A Connection",Two years parts and labour,Active,02/10/2018,02/10/2018,sfa7390x2,"","","",0.0,"",90L,Vapour Clean,2 x 25W incandescent,20 SmartSense menus,"",30 - 280ºC,Built-in,"base_heat
bakers_function
fan_assisted
convection
fan_forced
supercook
eco
fan_grill
grill
vapour_clean
defrost_by_time
defrost_by_weight
proving
sabbath_mode
keep_warm
sabbath_mode
keep_warm","",4,Large LCD,Ever Clean enamel,Fully programmable,"15 + 20 SmartSense auto menus
incl. Sabbath mode
 defrost
 proving and keep warm","ever clean enamel
smartsense - 20 auto menus
thermoseal technology
vapour clean"
499,SFA9310XR,Oven,90cm Classic Thermoseal Oven,,896mmW x 480mmH x 568mmD,"Fingerprint proof stainless steel 
Eclipse high visibility black glass","1 x Chrome grill insert
1 x Chrome shelves
1 x 40mm enamelled baking tray","PRTX - Pizza Stone
PALPZ - Single-handle pizza paddle
SSDPLUS - Baking Dish","Cool door technology
 thermal protection system","220-240V, 50/60Hz,3000W,15A Connection",Two years parts and labour,"",02/10/2018,02/10/2018,sfa9310xr,"","","",0.0,"",90L,Vapour Clean,2 x 40W halogen,"","",50 - 280ºC,Built-in,"",Digital touch,4,Digital touch,"",Fully programmable,10,"ever clean enamel
thermoseal technology
vapour clean
cool door technology"
500,SFA9315XR,Oven,90cm Classic Thermoseal oven,classic,896mmW x 480mmH x 568mmD,"Fingerprint proof stainless steel 
Eclipse high visibility black glass","1 x Chrome grill insert
2 x Chrome shelves
1 x 40mm enamelled baking tray
1 x Partial telescopic guides","PRTX - Pizza Stone
PALPZ - Single-handle pizza paddle
38508/510 - Baking Dish","Cool Door technology
 thermal protection system","220-240V, 50/60Hz,3000W,15A Connection",Two years parts and labour,Active,02/10/2018,02/10/2018,sfa9315xr,"","","",0.0,"",90L,Vapour Clean,2 x 40W halogen,"","",50 - 250ºC,Built-in,"base_heat
fan_assisted
convection
fan_forced
eco
fan_grill
super_fan_forced
grill
half_grill
vapour_clean","",4,Digital touch,Ever Clean enamel,Fully programmable,10 functions,"ever clean enamel
thermoseal technology
vapour clean
touch control programmer"
501,SFPA6109,Oven,60cm Linear Thermoseal Pyrolytic oven,linear,597mmW x 592mmH x 571mmD,Fingerprint proof stainless steel Stopsol® reflective glass,"1 x Chrome grill insert
2 x Chrome shelves
1 x 20mm enamelled baking tray
1 x 40mm enamelled baking tray
1 x Partial telescopic guides","PRTX - Pizza Stone
PPR2 - Gourmet Cooking Stone
PALPZ - Single-handle pizza paddle
38508/510 - Baking Dish
GT1P-2 - Partial telescopic guides
GT1T-2 - Total telescopic guides","Cool Door technology
 thermal protection system
 child safety lock
 controls lock","220-240V, 50/60Hz,3000W,15A Connection",Two years parts and labour,Active,02/10/2018,02/10/2018,sfpa6109,"","","",0.0,"",79L,Pyrolytic / ECO Pyrolytic,2 x 40W halogen,"","",30 - 280ºC,Built-in,"convection
fan_forced
supercook
fan_grill
grill
eco
pyrolytic
eco_pyrolytic
defrost_by_time
defrost_by_weight
proving
sabbath_mode
keep_warm","",5,Compact LCD,"",Fully programmable,"13 incl. Sabbath mode
 defrost
 proving and keep warm","ever clean enamel
easy read display
thermoseal technology
pyrolytic cleaning"
502,SFPA6125,Oven,60cm Linear Thermoseal Pyrolytic oven,linear,597mmW x 592mmH x 571mmD,Fingerprint proof stainless steel Stopsol® reflective glass,"1 x Chrome grill insert
2 x Chrome shelves
1 x 20mm enamelled baking tray
1 x 40mm enamelled baking tray
1 x Total telescopic guides","PRTX - Pizza Stone
PPR2 - Gourmet Cooking Stone
PALPZ - Single-handle pizza paddle
38508/510 - Baking Dish
GT1P-2 - Partial telescopic guides
GT1T-2 - Total telescopic guides","Cool Door technology
 thermal protection
system
 child safety lock
 controls lock","220-240V, 50/60Hz,3000W,15A Connection",Two years parts and labour,Active,02/10/2018,02/10/2018,sfpa6125,"","","",0.0,"",79L,Pyrolytic / ECO Pyrolytic,2 x 40W halogen,"","",50 - 280ºC,Built-in,"base_heat
bakers_function
fan_assisted
convection
fan_forced
supercook
eco
fan_grill
grill
pyrolytic
eco_pyrolytic
defrost_by_time
defrost_by_weight
proving
sabbath_mode
keep_warm","",5,Large LCD,"",Fully programmable,"16 + 20 SmartSense auto menus
incl.  Sabbath mode
 defrost
 proving and keep warm","ever clean enamel
soft close door
smartsense - 20 auto menus
thermoseal technology
pyrolytic cleaning"
503,SFPA6130,Oven,60cm Linear Thermoseal Pyrolytic oven,linear,597mmW x 592mmH x 571mmD,Fingerprint proof stainless steel Stopsol® reflective glass,"1 x Chrome grill insert
2 x Chrome shelves
1 x 20mm enamelled baking tray
1 x 40mm enamelled baking tray
1 x Total telescopic guides","PRTX - Pizza Stone
PPR2 - Gourmet Cooking Stone
PALPZ - Single-handle pizza paddle
38508/510 - Baking Dish
GT1P-2 - Partial telescopic guides
GT1T-2 - Total telescopic guides","Cool Door technology
thermal protection system
 child safety lock
 controls lock","220-240V, 50/60Hz,3000W,15A Connection",Two years parts and labour,Active,02/10/2018,02/10/2018,sfpa6130,"","","",0.0,"",79L,Pyrolytic / ECO Pyrolytic,2 x 40W halogen,"","",30 - 280ºC,Built-in,"convection
bakers_function
fan_assisted
convection
fan_forced
supercook
eco
fan_forced_+_grill
fan_grill
grill
pyrolytic
eco_pyrolytic
defrost_by_time
defrost_by_weight
proving
sabbath_mode
keep_warm","",5,TFT,"",Fully programmable,"17 + 50 SmartSense Plus auto menus
incl.  Sabbath mode
 defrost
 proving and keep warm","ever clean enamel
soft close door
smartsense plus - 50 auto menus + 10 personal menus
thermoseal technology
pyrolytic cleaning"
504,SFPA6130B,Oven,60cm Linear Thermoseal Pyrolytic oven,linear,597mmW x 592mmH x 571mmD,Fingerprint proof stainless steel White Stopsol® reflective glass,"1 x Chrome grill insert
2 x Chrome shelves
1 x 20mm enamelled baking tray
1 x 40mm enamelled baking tray
1 x Total telescopic guides","PRTX - Pizza Stone
PPR2 - Gourmet Cooking Stone
PALPZ - Single-handle pizza paddle
38508/510 - Baking Dish
GT1P-2 - Partial telescopic guides
GT1T-2 - Total telescopic guides","Cool Door technology
thermal protection system
 child safety lock
 controls lock","220-240V, 50/60Hz,3000W,15A Connection",Two years parts and labour,Active,02/10/2018,02/10/2018,sfpa6130b,"","","",0.0,"",79L,Pyrolytic / ECO Pyrolytic,2 x 40W halogen,"","",30 - 280ºC,Built-in,"convection
bakers_function
fan_assisted
convection
fan_forced
supercook
eco
fan_forced_+_grill
fan_grill
grill
pyrolytic
eco_pyrolytic
defrost_by_time
defrost_by_weight
proving
sabbath_mode
keep_warm","",5,TFT,"",Fully programmable,"17 + 50 SmartSense Plus auto menus
incl.  Sabbath mode
 defrost
 proving and keep warm","ever clean enamel
soft close door
smartsense plus - 50 auto menus + 10 personal menus
thermoseal technology
pyrolytic cleaning"
505,SFPA6130N,Oven,60cm Linear Thermoseal Pyrolytic oven,linear,597mmW x 592mmH x 571mmD,Fingerprint proof stainless steel Black Stopsol® reflective glass,"1 x Chrome grill insert
2 x Chrome shelves
1 x 20mm enamelled baking tray
1 x 40mm enamelled baking tray
1 x Total telescopic guides","PRTX - Pizza Stone
PPR2 - Gourmet Cooking Stone
PALPZ - Single-handle pizza paddle
38508/510 - Baking Dish
GT1P-2 - Partial telescopic guides
GT1T-2 - Total telescopic guides","Cool Door technology
thermal protection system
 child safety lock
 controls lock","220-240V, 50/60Hz,3000W,15A Connection",Two years parts and labour,Active,02/10/2018,02/10/2018,sfpa6130n,"","","",0.0,"",79L,Pyrolytic / ECO Pyrolytic,2 x 40W halogen,"","",30 - 280ºC,Built-in,"base_heat
bakers_function
fan_assisted
convection
fan_forced
supercook
eco
fan_forced_+_grill
fan_grill
grill
pyrolytic
eco_pyrolytic
defrost_by_time
defrost_by_weight
proving
sabbath_mode
keep_warm","",5,TFT,"",Fully programmable,"17 + 50 SmartSense Plus auto menus
incl.  Sabbath mode
 defrost
 proving and keep warm","ever clean enamel
soft close door
smartsense plus - 50 auto menus + 10 personal menus
thermoseal technology
pyrolytic cleaning"
506,SFPA6140,Oven,60cm Linear Thermoseal Pyrolytic oven,linear,597mmW x 592mmH x 571mmD,Fingerprint proof stainless steel Stopsol® reflective glass,"1 x Chrome grill insert
2 x Chrome shelves
1 x 20mm enamelled baking tray
1 x 40mm enamelled baking tray
2 x Total telescopic guides","PRTX - Pizza Stone
PPR2 - Gourmet Cooking Stone
PALPZ - Single-handle pizza paddle
38508/510 - Baking Dish
GT1P-2 - Partial telescopic guides
GT1T-2 - Total telescopic guides","Cool Door technology
thermal protection system
 child safety lock
 controls lock","220-240V, 50/60Hz,3000W,15A Connection",Two years parts and labour,Active,02/10/2018,02/10/2018,sfpa6140,"","","",0.0,"",79L,Pyrolytic / ECO Pyrolytic,2 x 40W halogen,"","",30 - 280ºC,Built-in,"base_heat
bakers_function
fan_assisted
convection
fan_forced
supercook
eco
fan_forced_+_grill
fan_grill
grill
pyrolytic
eco_pyrolytic
defrost_by_time
defrost_by_weight
proving
sabbath_mode
keep_warm","",5,Colour Touch TFT,"",Fully programmable,"17 + 50 SmartSense Plus auto menus
incl.  Sabbath mode
 defrost
 proving and keep warm","touch control
ever clean enamel
smartsense plus - 50 auto menus + 10 personal menus
thermoseal technology
pyrolytic cleaning"
507,SFPA6140B,Oven,60cm White Linear Thermoseal Pyrolytic oven,linear,597mmW x 592mmH x 571mmD,Fingerprint proof stainless steel White Stopsol® reflective glass,"1 x Chrome grill insert
2 x Chrome shelves
1 x 20mm enamelled baking tray
1 x 40mm enamelled baking tray
2 x Total telescopic guides","PRTX - Pizza Stone
PPR2 - Gourmet Cooking Stone
PALPZ - Single-handle pizza paddle
38508/510 - Baking Dish
GT1P-2 - Partial telescopic guides
GT1T-2 - Total telescopic guides","Cool Door technology
thermal protection system
 child safety lock
 controls lock","220-240V, 50/60Hz,3000W,15A Connection",Two years parts and labour,Active,02/10/2018,02/10/2018,sfpa6140b,"","","",0.0,"",79L,Pyrolytic / ECO Pyrolytic,2 x 40W halogen,"","",30 - 280ºC,Built-in,"base_heat
bakers_function
fan_assisted
convection
fan_forced
supercook
eco
fan_forced_+_grill
fan_grill
grill
pyrolytic
eco_pyrolytic
defrost_by_time
defrost_by_weight
proving
sabbath_mode
keep_warm","",5,Colour Touch TFT,"",Fully programmable,"17 + 50 SmartSense Plus auto menus
incl.  Sabbath mode
 defrost
 proving and keep warm","ever clean enamel
smartsense plus - 50 auto menus + 10 personal menus
thermoseal technology
pyrolytic cleaning
touch screen"
508,SFPA6140N,Oven,60cm Black Linear Thermoseal Pyrolytic oven,linear,597mmW x 592mmH x 571mmD,Fingerprint proof stainless steel Black Stopsol® reflective glass,"1 x Chrome grill insert
2 x Chrome shelves
1 x 20mm enamelled baking tray
1 x 40mm enamelled baking tray
2 x Total telescopic guides","PRTX - Pizza Stone
PPR2 - Gourmet Cooking Stone
PALPZ - Single-handle pizza paddle
38508/510 - Baking Dish
GT1P-2 - Partial telescopic guides
GT1T-2 - Total telescopic guides","Cool Door technology
thermal protection system
 child safety lock
 controls lock","220-240V, 50/60Hz,3000W,15A Connection",Two years parts and labour,Active,02/10/2018,02/10/2018,sfpa6140n,"","","",0.0,"",79L,Pyrolytic / ECO Pyrolytic,2 x 40W halogen,"","",30 - 280ºC,Built-in,"base_heat
bakers_function
fan_assisted
convection
fan_forced
supercook
eco
fan_forced_+_grill
fan_grill
grill
pyrolytic
eco_pyrolytic
defrost_by_time
defrost_by_weight
proving
sabbath_mode
keep_warm","",5,Colour Touch TFT,"",Fully programmable,"17 + 50 SmartSense Plus auto menus
incl.  Sabbath mode
 defrost
 proving and keep warm","ever clean enamel
smartsense plus - 50 auto menus + 10 personal menus
thermoseal technology
pyrolytic cleaning
touch screen"
509,SFPA6300X,Oven,60cm Classic Thermoseal Pyrolytic oven,classic,597mmW x 592mmH x 571mmD,"Fingerprint proof stainless steel 
Eclipse high visibility black glass","2 x Chrome shelves
1 x Chrome grill insert
1 x 40mm enamelled baking tray","PRTX - Pizza Stone
PPR2 - Gourmet Cooking Stone
PALPZ - Single-handle pizza paddle
38508/510 - Baking Dish
GT1P-2 - Partial telescopic guides
GT1T-2 - Total telescopic guides","Cool Door technology
 thermal protection system","220-240V, 50/60Hz,3000W,15A Connection",Two years parts and labour,Active,02/10/2018,02/10/2018,sfpa6300x,"","","",0.0,"",79L,Pyrolytic / ECO Pyrolytic,2 x 40W halogen,"","",50 - 280ºC,Built-in,"convection
eco
fan_assisted
fan_forced
fan_grill
grill
supercook
pyrolytic","",5,Text on panel,Ever Clean enamel,Fully programmable,8 incl. Pyrolytic,"ever clean enamel
thermoseal technology
pyrolytic cleaning
cool door technology"
510,SFPA6309X,Oven,60cm Classic Thermoseal Pyrolytic oven,classic,597mmW x 592mmH x 571mmD,"Fingerprint proof stainless steel 
Eclipse high visibility black glass","1 x Chrome grill insert
2 x Chrome shelves
1 x 20mm enamelled baking tray
1 x 40mm enamelled baking tray
1 x Partial telescopic guides
1 x Removable roof liner","PRTX - Pizza Stone
PPR2 - Gourmet Cooking Stone
PALPZ - Single-handle pizza paddle
38508/510 - Baking Dish
GT1P-2 - Partial telescopic guides
GT1T-2 - Total telescopic guides","Cool Door technology
 thermal protection system
 child safety lock
 controls lock","220-240V, 50/60Hz,3000W,15A Connection",Two years parts and labour,Active,02/10/2018,02/10/2018,sfpa6309x,"","","",0.0,"",79L,Pyrolytic / ECO Pyrolytic,2 x 40W halogen,"","",30 - 280ºC,Built-in,"convection
fan_forced
supercook
fan_grill
grill
eco
pyrolytic
eco_pyrolytic
defrost_by_time
defrost_by_weight
proving
sabbath_mode
keep_warm","",5,Compact LCD,Ever Clean enamel,Fully programmable,"13 incl. Sabbath mode
 defrost
 proving and keep warm","ever clean enamel
easy read display
thermoseal technology
pyrolytic cleaning"
511,SFPA6390X,Oven,60cm Classic Thermoseal Pyrolytic oven,classic,597mmW x 592mmH x 571mmD,"Fingerprint proof stainless steel 
Eclipse high visibility black glass","1 x Chrome grill insert
2 x Chrome shelves
1 x 20mm enamelled baking tray
1 x 40mm enamelled baking tray
1 x Total telescopic guides
1 x Removable roof liner","PRTX - Pizza Stone
PPR2 - Gourmet Cooking Stone
PALPZ - Single-handle pizza paddle
38508/510 - Baking Dish
GT1P-2 - Partial telescopic guides
GT1T-2 - Total telescopic guides","Cool Door technology
 thermal protection system
 child safety lock
 controls lock","220-240V, 50/60Hz,3000W,15A Connection",Two years parts and labour,Active,02/10/2018,02/10/2018,sfpa6390x,"","","",0.0,"",79L,Pyrolytic / ECO Pyrolytic,2 x 40W halogen,20 SmartSense menus,"",50 - 280ºC,Built-in,"base_heat
bakers_function
fan_assisted
convection
fan_forced
supercook
eco
fan_grill
grill
pyrolytic
eco_pyrolytic
defrost_by_time
defrost_by_weight
proving
sabbath_mode","",5,Large LCD,Ever Clean enamel,Fully programmable,"16 + 20 SmartSense auto menus
incl.  Sabbath mode
 defrost
 proving and keep warm","ever clean enamel
soft close door
smartsense - 20 auto menus
thermoseal technology
pyrolytic cleaning"
512,SFPA6390X2,Oven,60cm Classic Thermoseal Pyrolytic oven,classic,597mmW x 592mmH x 571mmD,"Fingerprint proof stainless steel 
Eclipse high visibility black glass","1 x Chrome grill insert
2 x Chrome shelves
1 x 20mm enamelled baking tray
1 x 40mm enamelled baking tray
1 x Total telescopic guides","PRTX - Pizza Stone
PPR2 - Gourmet Cooking Stone
PALPZ - Single-handle pizza paddle
38508/510 - Baking Dish
GT1P-2 - Partial telescopic guides
GT1T-2 - Total telescopic guides","Cool Door technology
 thermal protection system
 child safety lock
 controls lock","220-240V, 50/60Hz,3000W,15A Connection",Two years parts and labour,Active,02/10/2018,02/10/2018,sfpa6390x2,"","","",0.0,"",79L,Pyrolytic / ECO Pyrolytic,2 x 40W halogen,20 SmartSense menus,"",50 - 280ºC,Built-in,"base_heat
bakers_function
fan_assisted
convection
fan_forced
supercook
eco
fan_grill
grill
pyrolytic
eco_pyrolytic
defrost_by_time
defrost_by_weight
proving
sabbath_mode","",5,Large LCD,Ever Clean enamel,Fully programmable,"16 + 20 SmartSense auto menus
incl.  Sabbath mode
 defrost
 proving and keep warm","ever clean enamel
soft close door
smartsense - 20 auto menus
thermoseal technology
pyrolytic cleaning"
513,SFPA6395X,Oven,60cm Classic Thermoseal Pyrolytic oven,classic,597mmW x 592mmH x 571mmD,"Fingerprint proof stainless steel 
Eclipse high visibility black glass","1 x Chrome grill insert
2 x Chrome shelves
1 x 20mm enamelled baking tray
1 x 40mm enamelled baking tray
1 x Total telescopic guides
1 x Removable roof liner","PRTX - Pizza Stone
PPR2 - Gourmet Cooking Stone
PALPZ - Single-handle pizza paddle
38508/510 - Baking Dish
GT1P-2 - Partial telescopic guides
GT1T-2 - Total telescopic guides","Cool Door technology
thermal protection system
 child safety lock
 controls lock","220-240V, 50/60Hz,3000W,15A Connection",Two years parts and labour,Active,02/10/2018,02/10/2018,sfpa6395x,"","","",0.0,"",79L,Pyrolytic / ECO Pyrolytic,2 x 40W halogen,50 SmartSense Plus menus,"",30 - 280ºC,Built-in,"base_heat
bakers_function
fan_assisted
convection
fan_forced
supercook
fan_forced_and_grill
eco
fan_grill
grill
pyrolytic
eco_pyrolytic
defrost_by_time
defrost_by_weight
proving
keep_warm","",5,TFT,Ever Clean enamel,Fully programmable,"17 + 50 SmartSense Plus auto menus
incl.  Sabbath mode
 defrost
 proving and keep warm","ever clean enamel
soft close door
smartsense plus - 50 auto menus + 10 personal menus
thermoseal technology
pyrolytic cleaning"
522,SFPA6925B2,Oven,60cm Victoria Thermoseal Pyrolytic oven,victoria,597mmW x 592mmH x 548mmD,White enamel,"1 x Chrome grill insert
2 x Chrome shelves
1 x 20mm enamelled baking tray
1 x 40mm enamelled baking tray
1 x Total telescopic guides","PRTX - Pizza Stone
PPR2 - Gourmet Cooking Stone
PALPZ - Single-handle pizza paddle
38508/510 - Baking Dish
GT1P-2 - Partial telescopic guides
GT1T-2 - Total telescopic guides","Cool Door technology
 Soft Close door
 thermal protection system
 child safety lock
 controls lock","220-240V, 50/60Hz,3000W,15A current",Two years parts and labour,Active,02/10/2018,02/10/2018,sfpa6925b2,"","","",0.0,"",79L,"Smeg Ever Clean enamel, Pyrolytic / ECO Pyrolytic",2 x 40W halogen,"",Quadruple glazed,30 - 280ºC,"Flush, underbench or wallmount","base_heat
bakers_function
fan_assisted
convection
fan_forced
supercook
eco
fan_grill
grill
pyrolytic
eco_pyrolytic
defrost_by_time
defrost_by_weight
proving
sabbath_mode
keep_warm","",5,Large LCD,"",Fully programmable,16,"ever clean enamel
soft close door
smartsense - 20 auto menus
thermoseal technology
pyrolytic cleaning"
514,SFPA6395X2,Oven,60cm Classic Thermoseal Pyrolytic oven,classic,597mmW x 592mmH x 571mmD,"Fingerprint proof stainless steel 
Eclipse high visibility black glass","1 x Chrome grill insert
2 x Chrome shelves
1 x 20mm enamelled baking tray
1 x 40mm enamelled baking tray
1 x Total telescopic guides","PRTX - Pizza Stone
PPR2 - Gourmet Cooking Stone
PALPZ - Single-handle pizza paddle
38508/510 - Baking Dish
GT1P-2 - Partial telescopic guides
GT1T-2 - Total telescopic guides","Cool Door technology
thermal protection system
 child safety lock
 controls lock","220-240V, 50/60Hz,3000W,15A Connection",Two years parts and labour,Active,02/10/2018,02/10/2018,sfpa6395x2,"","","",0.0,"",79L,Pyrolytic / ECO Pyrolytic,2 x 40W halogen,50 SmartSense Plus menus,"",30 - 280ºC,Built-in,"base_heat
bakers_function
fan_assisted
convection
fan_forced
supercook
fan_forced_and_grill
eco
fan_grill
grill
pyrolytic
eco_pyrolytic
defrost_by_time
defrost_by_weight
proving
keep_warm","",5,TFT,Ever Clean enamel,Fully programmable,"17 + 50 SmartSense Plus auto menus
incl.  Sabbath mode
 defrost
 proving and keep warm","ever clean enamel
soft close door
smartsense plus - 50 auto menus + 10 personal menus
thermoseal technology
pyrolytic cleaning"
515,SFPA6603NR,Oven,60cm Dolce Stil Novo Thermoseal Pyrolytic Oven,dolce stil novo,597mmW x 548mmD x 592mmH,Black eclipse glass with copper trim,"1 x Chrome grill insert
2 x Chrome shelves
1 x 40mm enamelled baking tray
1 x Partial telescopic guides","PRTX - Pizza Stone
PPR2 - Gourmet Cooking Stone
PALPZ - Single-handle pizza paddle
38508/510 - Baking Dish
GT1P-2 - Partial telescopic guides
GT1T-2 - Total telescopic guides","Cool Door technology
 thermal protection system
 child safety lock
 controls lock","220-240V, 50/60Hz,3000W,13A Connection",Five years parts and labour,Active,02/10/2018,02/10/2018,sfpa6603nr,"","","",0.0,Ever Clean Enamel,79L,Pyrolytic / ECO Pyrolytic,2 x 40W halogen,50 SmartSense Plus menus,"",30-280°C,Built-in,"convection
fan_assisted
fan_forced
supercook
eco
grill
fan_grill
fan_forced_and_grill
bakers_function
defrost_by_time
defrost_by_weight
keep_warm
proofing
sabbath_mode
pyrolytic
eco_pyro","",5,Knobs + Black&White TFT,"",Fully programmable,"16 + 50 SmartSense Plus auto menus incl. Sabbath mode
 defrost
 proving and keep warm","ever clean enamel
soft close door
pyrolytic cleaning
thermoseal
smartsense plus"
516,SFPA6603NX,Oven,60cm Dolce Stil Novo Thermoseal Pyrolytic Oven,dolce stil novo,597mmW x 548mmD x 592mmH,Black eclipse glass with stainless steel trim,"1 x Chrome grill insert
2 x Chrome shelves
1 x 40mm enamelled baking tray
1 x Partial telescopic guides","PRTX - Pizza Stone
PPR2 - Gourmet Cooking Stone
PALPZ - Single-handle pizza paddle
38508/510 - Baking Dish
GT1P-2 - Partial telescopic guides
GT1T-2 - Total telescopic guides","Cool Door technology
 thermal protection system
 child safety lock
 controls lock","220-240V, 50/60Hz,3000W,13A Connection",Five years parts and labour,Active,02/10/2018,02/10/2018,sfpa6603nx,"","","",0.0,Ever Clean Enamel,79L,Pyrolytic / ECO Pyrolytic,2 x 40W halogen,50 SmartSense Plus menus,"",30-280°C,Built-in,"convection
fan_assisted
fan_forced
supercook
eco
grill
fan_grill
fan_forced_and_grill
bakers_function
defrost_by_time
defrost_by_weight
keep_warm
proofing
sabbath_mode
pyrolytic
eco_pyro","",5,Knobs + Black&White TFT,"",Fully programmable,"16 + 50 SmartSense Plus auto menus incl. Sabbath mode
 defrost
 proving and keep warm","ever clean enamel
soft close door
pyrolytic cleaning
thermoseal
smartsense plus"
517,SFPA6604NR,Oven,60cm Dolce Stil Novo Thermoseal Pyrolytic Oven,dolce stil novo,597mmW x 548mmD x 592mmH,Black eclipse glass with copper trim,"1 x Chrome grill insert
2 x Chrome shelves
1 x 40mm enamelled baking tray
1 x Partial telescopic guides","PRTX - Pizza Stone
PPR2 - Gourmet Cooking Stone
PALPZ - Single-handle pizza paddle
38508/510 - Baking Dish
GT1P-2 - Partial telescopic guides
GT1T-2 - Total telescopic guides","Cool Door technology
 thermal protection system
 child safety lock
 controls lock","220-240V, 50/60Hz,3000W,13A Connection",Five years parts and labour,Active,02/10/2018,02/10/2018,sfpa6604nr,"","","",0.0,Ever Clean Enamel,79L,Pyrolytic / ECO Pyrolytic,2 x 40W halogen,50 SmartSense Plus menus,"",30-280°C,Built-in,"convection
fan_assisted
fan_forced
supercook
eco
grill
fan_grill
fan_forced_and_grill
base_heat
bakers_function
defrost_by_time
defrost_by_weight
keep_warm
proofing
sabbath_mode
pyrolytic
eco_pyro","",5,Colour Touch TFT,"",Fully programmable,"17 + 50 SmartSense Plus auto menus incl. Sabbath mode
 defrost
 proving and keep warm","ever clean enamel
soft close door
pyrolytic cleaning
thermoseal
smartsense plus"
523,SFPA6925N,Oven,60cm Victoria Thermoseal Pyrolytic oven,victoria,597mmW x 592mmH x 548mmD,Black enamel,"1 x Chrome grill insert
2 x Chrome shelves
1 x 20mm enamelled baking tray
1 x 40mm enamelled baking tray
1 x Total telescopic guides
1 x Removable roof liner","PRTX - Pizza Stone
PPR2 - Gourmet Cooking Stone
PALPZ - Single-handle pizza paddle
38508/510 - Baking Dish
GT1P-2 - Partial telescopic guides
GT1T-2 - Total telescopic guides","Cool Door technology
 Soft Close door
 thermal protection system
 child safety lock
 controls lock","220-240V, 50/60Hz,3000W,15A current",Two years parts and labour,Active,02/10/2018,02/10/2018,sfpa6925n,"","","",0.0,"",79L,"Smeg Ever Clean enamel, Pyrolytic / ECO Pyrolytic",2 x 40W halogen,"",Quadruple glazed,30 - 280ºC,"Flush, underbench or wallmount","base_heat
bakers_function
fan_assisted
convection
fan_forced
supercook
eco
fan_grill
grill
pyrolytic
eco_pyrolytic
defrost_by_time
defrost_by_weight
proving
sabbath_mode
keep_warm","",5,Large LCD,"",Fully programmable,16,"ever clean enamel
soft close door
smartsense - 20 auto menus
thermoseal technology
pyrolytic cleaning"
518,SFPA6604NX,Oven,60cm Dolce Stil Novo Thermoseal Pyrolytic Oven,dolce stil novo,597mmW x 548mmD x 592mmH,Black eclipse glass with stainless steel trim,"1 x Chrome grill insert
2 x Chrome shelves
1 x 40mm enamelled baking tray
1 x Partial telescopic guides","PRTX - Pizza Stone
PPR2 - Gourmet Cooking Stone
PALPZ - Single-handle pizza paddle
38508/510 - Baking Dish
GT1P-2 - Partial telescopic guides
GT1T-2 - Total telescopic guides","Cool Door technology
 thermal protection system
 child safety lock
 controls lock","220-240V, 50/60Hz,3000W,13A Connection",Five years parts and labour,Active,02/10/2018,02/10/2018,sfpa6604nx,"","","",0.0,Ever Clean Enamel,79L,Pyrolytic / ECO Pyrolytic,2 x 40W halogen,50 SmartSense Plus menus,"",30-280°C,Built-in,"convection
fan_assisted
fan_forced
supercook
eco
grill
fan_grill
fan_forced_and_grill
base_heat
bakers_function
defrost_by_time
defrost_by_weight
keep_warm
proofing
sabbath_mode
pyrolytic
eco_pyro","",5,Colour Touch TFT,"",Fully programmable,"17 + 50 SmartSense Plus auto menus incl. Sabbath mode
 defrost
 proving and keep warm","ever clean enamel
soft close door
pyrolytic cleaning
thermoseal
smartsense plus"
519,SFPA6604STNR,Oven,60cm Dolce Stil Novo Thermoseal Plus Pyrolytic Oven with Steam Assist,dolce stil novo,597mmW x 548mmD x 592mmH,Black eclipse glass with copper trim,"1 x Chrome grill insert
2 x Chrome shelves
1 x 20mm enamelled baking tray
1 x 40mm enamelled baking tray
1 x Partial telescopic guides","PRTX - Pizza Stone
PPR2 - Gourmet Cooking Stone
PALPZ - Single-handle pizza paddle
38508/510 - Baking Dish
GT1P-2 - Partial telescopic guides
GT1T-2 - Total telescopic guides","Cool Door technology
 thermal protection system
 child safety lock
 controls lock","220-240V, 50/60Hz,3000W,13A Connection",Five years parts and labour,Active,02/10/2018,02/10/2018,sfpa6604stnr,"","","",0.0,Ever Clean Enamel,79L,Pyrolytic / ECO Pyrolytic,2 x 40W halogen,50 SmartSense Plus menus,"",30-280°C,Built-in,"convection
fan_assisted
fan_forced
supercook
eco
grill
fan_grill
fan_forced_and_grill
base_heat
bakers_function
fan_assisted_+_steam
fan_forced_+_steam
super_fan_forced_+_steam
supercook_+_steam
fan_grill_+_steam
bakers_function
defrost_by_time
defrost_by_weight
keep_warm
proofing
sabbath_mode
pyrolytic
eco_pyro","",5,Colour Touch TFT,"",Fully programmable,"22 + 50 SmartSense Plus auto menus incl. Sabbath mode
 defrost
 proving and keep warm","ever clean enamel
soft close door
pyrolytic cleaning
smartsense plus
thermoseal plus"
520,SFPA6604STNX,Oven,60cm Dolce Stil Novo Thermoseal Plus Pyrolytic Oven with Steam Assist,dolce stil novo,597mmW x 548mmD x 592mmH,Black eclipse glass with stainless steel trim,"1 x Chrome grill insert
2 x Chrome shelves
1 x 20mm enamelled baking tray
1 x 40mm enamelled baking tray
1 x Partial telescopic guides","PRTX - Pizza Stone
PPR2 - Gourmet Cooking Stone
PALPZ - Single-handle pizza paddle
38508/510 - Baking Dish
GT1P-2 - Partial telescopic guides
GT1T-2 - Total telescopic guides","Cool Door technology
 thermal protection system
 child safety lock
 controls lock","220-240V, 50/60Hz,3000W,13A Connection",Five years parts and labour,Active,02/10/2018,02/10/2018,sfpa6604stnx,"","","",0.0,Ever Clean Enamel,79L,Pyrolytic / ECO Pyrolytic,2 x 40W halogen,50 SmartSense Plus menus,"",30-280°C,Built-in,"convection
fan_assisted
fan_forced
supercook
eco
grill
fan_grill
fan_forced_and_grill
base_heat
bakers_function
fan_assisted_+_steam
fan_forced_+_steam
super_fan_forced_+_steam
supercook_+_steam
fan_grill_+_steam
bakers_function
defrost_by_time
defrost_by_weight
keep_warm
proofing
sabbath_mode
pyrolytic
eco_pyro","",5,Colour Touch TFT,"",Fully programmable,"22 + 50 SmartSense Plus auto menus incl. Sabbath mode
 defrost
 proving and keep warm","ever clean enamel
soft close door
pyrolytic cleaning
smartsense plus
thermoseal plus"
521,SFPA6925B,Oven,60cm Victoria Thermoseal Pyrolytic oven,victoria,597mmW x 592mmH x 548mmD,White enamel,"1 x Chrome grill insert
2 x Chrome shelves
1 x 20mm enamelled baking tray
1 x 40mm enamelled baking tray
1 x Total telescopic guides
1 x Removable roof liner","PRTX - Pizza Stone
PPR2 - Gourmet Cooking Stone
PALPZ - Single-handle pizza paddle
38508/510 - Baking Dish
GT1P-2 - Partial telescopic guides
GT1T-2 - Total telescopic guides","Cool Door technology
 Soft Close door
 thermal protection system
 child safety lock
 controls lock","220-240V, 50/60Hz,3000W,15A current",Two years parts and labour,Active,02/10/2018,02/10/2018,sfpa6925b,"","","",0.0,"",79L,"Smeg Ever Clean enamel, Pyrolytic / ECO Pyrolytic",2 x 40W halogen,"",Quadruple glazed,30 - 280ºC,"Flush, underbench or wallmount","base_heat
bakers_function
fan_assisted
convection
fan_forced
supercook
eco
fan_grill
grill
pyrolytic
eco_pyrolytic
defrost_by_time
defrost_by_weight
proving
sabbath_mode
keep_warm","",5,Large LCD,"",Fully programmable,16,"ever clean enamel
soft close door
smartsense - 20 auto menus
thermoseal technology
pyrolytic cleaning"
524,SFPA6925N2,Oven,60cm Victoria Thermoseal Pyrolytic oven,victoria,597mmW x 592mmH x 548mmD,Black enamel,"1 x Chrome grill insert
2 x Chrome shelves
1 x 20mm enamelled baking tray
1 x 40mm enamelled baking tray
1 x Total telescopic guides","PRTX - Pizza Stone
PPR2 - Gourmet Cooking Stone
PALPZ - Single-handle pizza paddle
38508/510 - Baking Dish
GT1P-2 - Partial telescopic guides
GT1T-2 - Total telescopic guides","Cool Door technology
 Soft Close door
 thermal protection system
 child safety lock
 controls lock","220-240V, 50/60Hz,3000W,15A current",Two years parts and labour,Active,02/10/2018,02/10/2018,sfpa6925n2,"","","",0.0,"",79L,"Smeg Ever Clean enamel, Pyrolytic / ECO Pyrolytic",2 x 40W halogen,"",Quadruple glazed,30 - 280ºC,"Flush, underbench or wallmount","base_heat
bakers_function
fan_assisted
convection
fan_forced
supercook
eco
fan_grill
grill
pyrolytic
eco_pyrolytic
defrost_by_time
defrost_by_weight
proving
sabbath_mode
keep_warm","",5,Large LCD,"",Fully programmable,16,"ever clean enamel
soft close door
smartsense - 20 auto menus
thermoseal technology
pyrolytic cleaning"
525,SFPA6925P,Oven,60cm Victoria Thermoseal Pyrolytic oven,victoria,597mmW x 592mmH x 548mmD,Panna (cream) enamel,"1 x Chrome grill insert
2 x Chrome shelves
1 x 20mm enamelled baking tray
1 x 40mm enamelled baking tray
1 x Total telescopic guides
1 x Removable roof liner","PRTX - Pizza Stone
PPR2 - Gourmet Cooking Stone
PALPZ - Single-handle pizza paddle
38508/510 - Baking Dish
GT1P-2 - Partial telescopic guides
GT1T-2 - Total telescopic guides","Cool Door technology
 Soft Close door
 thermal protection system
 child safety lock
 controls lock","220-240V, 50/60Hz,3000W,15A current",Two years parts and labour,Active,02/10/2018,02/10/2018,sfpa6925p,"","","",0.0,"",79L,"Smeg Ever Clean enamel, Pyrolytic / ECO Pyrolytic",2 x 40W halogen,"",Quadruple glazed,30 - 280ºC,"Flush, underbench or wallmount","base_heat
bakers_function
fan_assisted
convection
fan_forced
supercook
eco
fan_grill
grill
pyrolytic
eco_pyrolytic
defrost_by_time
defrost_by_weight
proving
sabbath_mode
keep_warm","",5,Large LCD,"",Fully programmable,16,"ever clean enamel
soft close door
smartsense - 20 auto menus
thermoseal technology
pyrolytic cleaning"
526,SFPA6925X,Oven,60cm Victoria Thermoseal Pyrolytic oven,victoria,597mmW x 592mmH x 548mmD,Stainless steel,"1 x Chrome grill insert
2 x Chrome shelves
1 x 20mm enamelled baking tray
1 x 40mm enamelled baking tray
1 x Total telescopic guides
1 x Removable roof liner","PRTX - Pizza Stone
PPR2 - Gourmet Cooking Stone
PALPZ - Single-handle pizza paddle
38508/510 - Baking Dish
GT1P-2 - Partial telescopic guides
GT1T-2 - Total telescopic guides","Cool Door technology
 Soft Close door
 thermal protection system
 child safety lock
 controls lock","220-240V, 50/60Hz,3000W,15A current",Two years parts and labour,Active,02/10/2018,02/10/2018,sfpa6925x,"","","",0.0,"",79L,"Smeg Ever Clean enamel, Pyrolytic / ECO Pyrolytic",2 x 40W halogen,"",Quadruple glazed,30 - 280ºC,"Flush, underbench or wallmount","base_heat
bakers_function
fan_assisted
convection
fan_forced
supercook
eco
fan_grill
grill
pyrolytic
eco_pyrolytic
defrost_by_time
defrost_by_weight
proving
sabbath_mode
keep_warm","",5,Large LCD,"",Fully programmable,16,"ever clean enamel
soft close door
smartsense - 20 auto menus
thermoseal technology
pyrolytic cleaning"
527,SFPA7130,Oven,70cm Linear Thermoseal Pyrolytic oven,linear,698mmW x 597mmH x 566mmD,Fingerprint proof stainless steel Stopsol® reflective glass,"1 x Chrome grill insert
2 x Chrome shelves
1 x 20mm enamelled baking tray
1 x Partial telescopic guides
2 x Total telescopic guides","PRTX - Pizza Stone
PALPZ - Single-handle pizza paddle
38508/510 - Baking Dish","Cool Door technology
 thermal protection system
 child safety
lock
 controls lock","220-240V, 50/60Hz,3100W,16A Connection",Two years parts and labour,Active,02/10/2018,02/10/2018,sfpa7130,"","","",0.0,"",90L,Pyrolytic / ECO Pyrolytic,2 x 40W halogen,"","",30 - 280ºC,Built-in,"base_heat
bakers_function
fan_assisted
convection
fan_forced
fan_forced_+_grill
supercook
eco
fan_grill
grill
pyrolytic
eco_pyrolytic
defrost_by_time
defrost_by_weight
proving
sabbath_mode
keep_warm","",3,TFT,"",Fully programmable,"17 + 50 SmartSense Plus auto menus
incl. Sabbath mode
 defrost
 proving and keep warm","ever clean enamel
smartsense plus - 50 auto menus + 10 personal menus
thermoseal technology
pyrolytic cleaning"
528,SFPA7130B,Oven,70cm White Linear Thermoseal Pyrolytic oven,linear,698mmW x 597mmH x 566mmD,Fingerprint proof stainless steel White Stopsol® reflective glass,"1 x Chrome grill insert
2 x Chrome shelves
1 x 20mm enamelled baking tray
1 x Partial telescopic guides
2 x Total telescopic guides","PRTX - Pizza Stone
PALPZ - Single-handle pizza paddle
38508/510 - Baking Dish","Cool Door technology
 thermal protection system
 child safety
lock
 controls lock","220-240V, 50/60Hz,3100W,16A Connection",Two years parts and labour,Active,02/10/2018,02/10/2018,sfpa7130b,"","","",0.0,"",90L,Pyrolytic / ECO Pyrolytic,2 x 40W halogen,"","",30 - 280ºC,Built-in,"base_heat
bakers_function
fan_assisted
convection
fan_forced
fan_forced_+_grill
supercook
eco
fan_grill
grill
pyrolytic
eco_pyrolytic
defrost_by_time
defrost_by_weight
proving
sabbath_mode
keep_warm","",3,TFT,"",Fully programmable,"17 + 50 SmartSense Plus auto menus
incl. Sabbath mode
 defrost
 proving and keep warm","ever clean enamel
smartsense plus - 50 auto menus + 10 personal menus
thermoseal technology
pyrolytic cleaning"
529,SFPA7130N,Oven,70cm Black Linear Thermoseal Pyrolytic oven,linear,698mmW x 597mmH x 566mmD,Fingerprint proof stainless steel Black Stopsol® reflective glass,"1 x Chrome grill insert
2 x Chrome shelves
1 x 20mm enamelled baking tray
1 x Partial telescopic guides
2 x Total telescopic guides","PRTX - Pizza Stone
PALPZ - Single-handle pizza paddle
38508/510 - Baking Dish","Cool Door technology
 thermal protection system
 child safety
lock
 controls lock","220-240V, 50/60Hz,3100W,16A Connection",Two years parts and labour,Active,02/10/2018,02/10/2018,sfpa7130n,"","","",0.0,"",90L,Pyrolytic / ECO Pyrolytic,2 x 40W halogen,"","",30 - 280ºC,Built-in,"base_heat
bakers_function
fan_assisted
convection
fan_forced
fan_forced_+_grill
supercook
eco
fan_grill
grill
pyrolytic
eco_pyrolytic
defrost_by_time
defrost_by_weight
proving
sabbath_mode
keep_warm","",3,TFT,"",Fully programmable,"17 + 50 SmartSense Plus auto menus
incl. Sabbath mode
 defrost
 proving and keep warm","ever clean enamel
smartsense plus - 50 auto menus + 10 personal menus
thermoseal technology
pyrolytic cleaning"
530,SFPA7395X,Oven,70cm Classic Thermoseal Pyrolytic oven,classic,698mmW x 597mmH x 566mmD,"Fingerprint proof stainless steel 
Eclipse high visibility black glass","1 x Chrome grill insert
2 x Chrome shelves
1 x 20mm enamelled baking tray
1 x Partial telescopic guides
2 x Total telescopic guides","PRTX - Pizza Stone
PALPZ - Single-handle pizza paddle
38508/510 - Baking Dish","Cool Door technology
 thermal protection system
 child safety lock
 controls lock","220-240V, 50/60Hz,3100W,15A Connection",Two years parts and labour,Active,02/10/2018,02/10/2018,sfpa7395x,"","","",0.0,"",90L,Pyrolytic / ECO Pyrolytic,2 x 40W halogen,50 SmartSense Plus menus,"",30 - 280ºC,Built-in,"base_heat
bakers_function
fan_assisted
convection
fan_forced
fan_forced_and_grill
supercook
eco
fan_grill
grill
pyrolytic
eco_pyrolytic
defrost_by_time
defrost_by_weight
proving
sabbath_mode
keep_warm","",3,TFT,Ever Clean enamel,Fully programmable,"17 + 50 SmartSense Plus auto menus
incl. Sabbath mode
 defrost
 proving and keep warm","ever clean enamel
smartsense plus - 50 auto menus + 10 personal menus
thermoseal technology
pyrolytic cleaning"
531,SFPA7395X2,Oven,70cm Classic Thermoseal Pyrolytic oven,classic,698mmW x 597mmH x 566mmD,"Fingerprint proof stainless steel 
Eclipse high visibility black glass","1 x Chrome grill insert
2 x Chrome shelves
1 x 20mm enamelled baking tray
1 x Partial telescopic guides
2 x Total telescopic guides","PRTX - Pizza Stone
PALPZ - Single-handle pizza paddle
38508/510 - Baking Dish","Cool Door technology
 thermal protection system
 child safety lock
 controls lock","220-240V, 50/60Hz,3100W,15A Connection",Two years parts and labour,Active,02/10/2018,02/10/2018,sfpa7395x2,"","","",0.0,"",90L,Pyrolytic / ECO Pyrolytic,2 x 40W halogen,50 SmartSense Plus menus,"",30 - 280ºC,Built-in,"base_heat
bakers_function
fan_assisted
convection
fan_forced
fan_forced_and_grill
supercook
eco
fan_grill
grill
pyrolytic
eco_pyrolytic
defrost_by_time
defrost_by_weight
proving
sabbath_mode
keep_warm","",3,TFT,Ever Clean enamel,Fully programmable,"17 + 50 SmartSense Plus auto menus
incl. Sabbath mode
 defrost
 proving and keep warm","ever clean enamel
smartsense plus - 50 auto menus + 10 personal menus
thermoseal technology
pyrolytic cleaning"
532,SFPA9395X,Oven,90cm Classic Thermoseal Pyrolytic oven,classic,896mmW x 588mmH x 571mmD,"Fingerprint proof stainless steel 
Eclipse high visibility black glass","1 x Chrome grill insert
2 x Chrome shelves
1 x 20mm enamelled baking tray
1 x Partial telescopic guides
2 x Total telescopic guides","PRTX - Pizza Stone
PALPZ - Single-handle pizza paddle
38508/510 - Baking Dish","Cool Door technology
 thermal protection system
 child safety lock
 controls lock","220-240V, 50/60Hz,3100W,15A Connection",Two years parts and labour,Active,02/10/2018,02/10/2018,sfpa9395x,"","","",0.0,"",90L,Pyrolytic / ECO Pyrolytic,2 x 40W halogen,50 SmartSense Plus menus,"",30 - 280ºC,Built-in,"base_heat
bakers_function
fan_assisted
convection
fan_forced
fan_forced_and_grill
supercook
eco
fan_grill
grill
pyrolytic
eco_pyrolytic
defrost_by_time
defrost_by_weight
proving
sabbath_mode
keep_warm","",3,TFT,Ever Clean enamel,Fully programmable,"17 + 50 SmartSense Plus auto menus incl. Sabbath mode
 defrost
 proving and keep warm","ever clean enamel
smartsense plus - 50 auto menus + 10 personal menus
thermoseal technology
pyrolytic cleaning"
533,SFPA9395X1,Oven,90cm Classic Thermoseal Pyrolytic oven,classic,896mmW x 595mmH x 571mmD,"Fingerprint proof stainless steel 
Eclipse high visibility black glass","1 x Chrome grill insert
2 x Chrome shelves
1 x 20mm enamelled baking tray
1 x Partial telescopic guides
2 x Total telescopic guides","PRTX - Pizza Stone
PALPZ - Single-handle pizza paddle
38508/510 - Baking Dish","Cool Door technology
 thermal protection system
 child safety lock
 controls lock","220-240V, 50/60Hz,3100W,15A Connection",Two years parts and labour,Active,02/10/2018,02/10/2018,sfpa9395x1,"","","",0.0,"",115L,Pyrolytic / ECO Pyrolytic,2 x 40W halogen,50 SmartSense Plus menus,"",30 - 280ºC,Built-in,"convection
fan_assisted
fan_forced
supercook
eco
grill
fan_grill
fan_forced_+_grill
base_heat
bakers_function
defrost_by_time
defrost_by_weight
proving
sabbath_mode
pyrolytic
eco_pyrolytic
keep_warm","",3,TFT,Ever Clean enamel,Fully programmable,"17 + 50 SmartSense Plus auto menus incl. Sabbath mode
 defrost
 proving and keep warm","ever clean enamel
smartsense plus - 50 auto menus + 10 personal menus
thermoseal technology
pyrolytic cleaning"
534,SFPR9395X,Oven,90cm Classic Thermoseal Pyrolytic oven,classic,896mmW x 481mmH x 571mmD,"Fingerprint proof stainless steel 
Eclipse high visibility black glass","1 x Chrome grill insert
1 x Chrome shelves
2 x 40mm enamelled baking tray
1 x Total telescopic guides","PRTX - Pizza Stone
PALPZ - Single-handle pizza paddle
38508/510 - Baking Dish","Cool Door technology
 thermal protection system
 child safety lock
 controls lock","220-240V, 50/60Hz,4000W,18A Connection",Two years parts and labour,Active,02/10/2018,02/10/2018,sfpr9395x,"","","",0.0,"",100L,Pyrolytic / ECO Pyrolytic,2 x 40W halogen,50 SmartSense Plus menus,"",30 - 280ºC,Built-in,"convection
fan_assisted
fan_forced
supercook
eco
grill
fan_grill
base_heat
bakers_function
defrost_by_time
defrost_by_weight
proving
sabbath_mode
pyrolytic
eco_pyrolytic","",4,TFT,Ever Clean enamel,Fully programmable,"15 + 50 SmartSense Plus auto menus incl. Sabbath mode
 defrost and proving","ever clean enamel
smartsense plus - 50 auto menus + 10 personal menus
thermoseal technology
pyrolytic cleaning"
535,SFPR9604NR,Oven,90cm Dolce Stil Novo Thermoseal Oven,dolce stil novo,896mmW x 571mmD x 475mmH,Black eclipse glass with stainless steel trim,"1 x Chrome grill insert
1 x Chrome shelves
1 x 40mm enamelled baking tray
1 x Full telescopic guides","PPR9 - Pizza Stone
PPR2 - Gourmet Cooking Stone
PALPZ - Single-handle pizza paddle
38508/510 - Baking Dish
GT1P-2 - Partial telescopic guides
GT1T-2 - Total telescopic guides","Cool Door technology
 thermal protection system
 child safety lock
 controls lock","220-240V, 50/60Hz,3300W,15A Connection",Five years parts and labour,Active,02/10/2018,02/10/2018,sfpr9604nr,"","","",0.0,Ever Clean Enamel,100L,Vapour Clean,2 x 40W halogen,50 SmartSense Plus menus,"",30-280°C,Built-in,"convection
fan_assisted
fan_forced
supercook
eco
grill
fan_grill
fan_forced_and_grill
base_heat
bakers_function
defrost_by_time
defrost_by_weight
keep_warm
proofing
sabbath_mode
pyrolytic_cleaning
eco_pyro","",5,Colour Touch TFT,"",Fully programmable,"17 + 50 SmartSense Plus auto menus incl. Sabbath mode
 defrost
 proving and keep warm","ever clean enamel
soft close door
pyrolytic cleaning
thermoseal
smartsense plus"
536,SFPR9604NX,Oven,90cm Dolce Stil Novo Thermoseal Oven,dolce stil novo,896mmW x 571mmD x 475mmH,Black eclipse glass with copper trim,"1 x Chrome grill insert
1 x Chrome shelves
1 x 40mm enamelled baking tray
1 x Full telescopic guides","PPR9 - Pizza Stone
PPR2 - Gourmet Cooking Stone
PALPZ - Single-handle pizza paddle
38508/510 - Baking Dish
GT1P-2 - Partial telescopic guides
GT1T-2 - Total telescopic guides","Cool Door technology
 thermal protection system
 child safety lock
 controls lock","220-240V, 50/60Hz,3300W,15A Connection",Five years parts and labour,Active,02/10/2018,02/10/2018,sfpr9604nx,"","","",0.0,Ever Clean Enamel,100L,Vapour Clean,2 x 40W halogen,50 SmartSense Plus menus,"",30-280°C,Built-in,"convection
fan_assisted
fan_forced
supercook
eco
grill
fan_grill
fan_forced_and_grill
base_heat
bakers_function
defrost_by_time
defrost_by_weight
keep_warm
proofing
sabbath_mode
pyrolytic_cleaning
eco_pyro","",5,Colour Touch TFT,"",Fully programmable,"17 + 50 SmartSense Plus auto menus incl. Sabbath mode
 defrost
 proving and keep warm","ever clean enamel
soft close door
pyrolytic cleaning
thermoseal
smartsense plus"
537,SFP9395X1,Oven,90cm Classic Thermoseal Pyrolytic oven,classic,896mmW x 588mmH x 571mmD,"Fingerprint proof stainless steel 
Eclipse high visibility black glass","1 x Chrome grill insert
1 x Chrome shelves
2 x 20mm enamelled baking tray
1 x Total telescopic guides","PPR9 - Gourmet Cooking Stone
PRTX - Pizza Stone
PALPZ - Single-handle pizza paddle
38508/510 - Baking Dish","Cool Door technology
 thermal protection system
 child safety lock
 controls lock","220-240V, 50/60Hz,4000W,18A Connection",Two years parts and labour,Active,02/10/2018,02/10/2018,sfp9395x1,"","","",0.0,"",126L,Pyrolytic / ECO Pyrolytic,2 x 40W halogen,50 SmartSense Plus menus,"",30 - 280ºC,Built-in,"base_heat
bakers_function
fan_assisted
convection
fan_forced
fan_forced_and_grill
supercook
eco
fan_grill
grill
pyrolytic
eco_pyrolytic
defrost_by_time
defrost_by_weight
proving
sabbath_mode
keep_warm","",5,TFT,Ever Clean enamel,Fully programmable,"17 + 50 SmartSense Plus auto menus incl. Sabbath mode
 defrost
 proving and keep warm","ever clean enamel
smartsense plus - 50 auto menus + 10 personal menus
thermoseal technology
pyrolytic cleaning"
538,SFRA9300X,Oven,90cm Classic Thermoseal oven,,896mmW x 481mmH x 572mmD,"Fingerprint proof stainless steel 
Eclipse high visibility black glass","1 x Chrome shelves
1 x Chrome grill insert
1 x 40mm enamelled baking tray","PPR9 - Pizza Stone
PALPZ - Single-handle pizza paddle","Cool Door technology
 thermal protection system","220-240V, 50/60Hz,3100W,15A Connection",Two years parts and labour,"",02/10/2018,02/10/2018,sfra9300x,"","","",0.0,"",100L,Vapour Clean,2 x 40W halogen,"","",30 - 280ºC,Built-in,"","",4,Text on panel,"",Fully programmable,8 functions,"ever clean enamel
thermoseal technology
vapour clean
cool door technology"
539,SOA330X1,Oven,76cm Classic pyrolytic oven,classic,754mmW x 632mmD x 705mmH,"Fingerprint proof stainless steel 
Eclipse high visibility black glass","4 x chromed-wire shelves 
1 x enamel grill tray with insert
1 x meat probe
1 x Total telescopic guides","PRTX - Pizza Stone
PALPZ - Single-handle pizza paddle
38508/510 - Baking Dish","thermal protection system
child safety lock","220-240V, 50/60Hz,3800W,15.8A current",Two years parts and labour,Active,02/10/2018,02/10/2018,soa330x1,No feature icons,"","",0.0,"",130L,Pyrolytic cleaning function,3 x 25W halogen,"","",25 - 250ºC,Built-in,"pyrolytic_cleaning
defrost_proofing_dehydrate_warming
grill
convection
fan_forced
fan_grill
fan_assisted
bakers_function","",6,LED,"",Fully programmable,"10 incl. proofing
 defrost
 dehydrate
 warming
 Sabbath mode","pyrolytic cleaning
large capacity
twin fan - even cooking
meat probe"
